{
    "id": "da26f983-12fd-4f08-b434-2ccb2e04a6b6",
    "scriptName": "mp4 1",
    "findRegex": "/<video width=([ \" ' ])\\d+([ \" ' ]) height=([ \" ' ])\\d+([ \" ' ]) controls>.*?<source src=([ \" ' ])/gs",
    "replaceString": "<style>\n.y2k-player-container {\n    width: 350px;\n    position: relative;\n    box-shadow: 0 10px 20px rgba(0, 0, 0, 0.2);\n    border-radius: 10px;\n    overflow: hidden;\n    background: linear-gradient(135deg, #ffa1c1 10%, #ff49ac 100%);\n    padding: 12px;\n    border: 2px solid #ffffff;\n    margin: 20px auto;\n}\n\n.y2k-video-container {\n    position: relative;\n    width: 100%;\n    background-color: #000;\n    border-radius: 6px;\n    overflow: hidden;\n    box-shadow: inset 0 0 10px rgba(0, 0, 0, 0.5);\n    border: 1px solid #ffffff;\n}\n\n.y2k-control-panel {\n    margin-top: 10px;\n    display: flex;\n    justify-content: center;\n    align-items: center;\n}\n\n.y2k-control-button {\n    width: 50px;\n    height: 50px;\n    border-radius: 50%;\n    margin: 0 5px;\n    background: linear-gradient(135deg, #ffffff 0%, #ffd1e3 100%);\n    border: 1px solid #fff;\n    box-shadow: 0 2px 5px rgba(0, 0, 0, 0.2);\n    display: flex;\n    justify-content: center;\n    align-items: center;\n    color: #ff66a5;\n    font-size: 16px;\n}\n\n.y2k-d-pad {\n    position: relative;\n    width: 80px;\n    height: 80px;\n    margin: 0 10px;\n}\n\n.y2k-dpad-button {\n    width: 25px;\n    height: 25px;\n    position: absolute;\n    background: linear-gradient(135deg, #ffffff 0%, #ffc0da 100%);\n    border: 1px solid #fff;\n    box-shadow: 0 2px 4px rgba(0, 0, 0, 0.15);\n    display: flex;\n    justify-content: center;\n    align-items: center;\n    font-size: 12px;\n    color: #ff66a5;\n}\n\n.y2k-dpad-up {\n    top: 0;\n    left: 50%;\n    transform: translateX(-50%);\n    border-radius: 5px 5px 0 0;\n}\n\n.y2k-dpad-right {\n    top: 50%;\n    right: 0;\n    transform: translateY(-50%);\n    border-radius: 0 5px 5px 0;\n}\n\n.y2k-dpad-down {\n    bottom: 0;\n    left: 50%;\n    transform: translateX(-50%);\n    border-radius: 0 0 5px 5px;\n}\n\n.y2k-dpad-left {\n    top: 50%;\n    left: 0;\n    transform: translateY(-50%);\n    border-radius: 5px 0 0 5px;\n}\n\n.y2k-dpad-center {\n    top: 50%;\n    left: 50%;\n    transform: translate(-50%, -50%);\n    width: 30px;\n    height: 30px;\n    border-radius: 50%;\n    background: linear-gradient(135deg, #ffd6e7 0%, #ffb5d0 100%);\n}\n\n.y2k-player-details {\n    display: flex;\n    justify-content: space-between;\n    align-items: center;\n    padding: 5px 10px;\n    font-size: 12px;\n    color: #ffeff6;\n    text-shadow: 0 1px 1px rgba(255, 255, 255, 0.7);\n}\n\n.y2k-player-name {\n    font-weight: bold;\n    letter-spacing: 1px;\n}\n\n.y2k-player-model {\n    font-size: 15px;\n    opacity: 0.8;\n}\n\n.y2k-speaker-grille {\n    position: absolute;\n    top: 10px;\n    right: 15px;\n    width: 25px;\n    height: 25px;\n    display: grid;\n    grid-template-columns: repeat(4, 1fr);\n    grid-template-rows: repeat(4, 1fr);\n    gap: 2px;\n}\n\n.y2k-speaker-hole {\n    width: 3px;\n    height: 3px;\n    background-color: #ffffff;\n    border-radius: 50%;\n    box-shadow: inset 0 0 2px rgba(0, 0, 0, 0.5);\n}\n\n.y2k-glitter {\n    position: absolute;\n    top: 0;\n    left: 0;\n    width: 100%;\n    height: 100%;\n    background-image: \n        radial-gradient(circle, rgba(255,255,255,0.8) 1px, transparent 1px),\n        radial-gradient(circle, rgba(255,255,255,0.6) 1px, transparent 1px),\n        radial-gradient(circle, rgba(255,255,255,0.4) 1px, transparent 1px);\n    background-size: 20px 20px;\n    background-position: 0 0, 10px 10px, 5px 5px;\n    pointer-events: none;\n    z-index: 10;\n    opacity: 0.3;\n}\n\n.y2k-holographic {\n    position: absolute;\n    top: 0;\n    left: 0;\n    width: 100%;\n    height: 100%;\n    background: linear-gradient(45deg, \n        rgba(255,255,255,0) 0%, \n        rgba(255,255,255,0.1) 30%, \n        rgba(255,255,255,0.3) 50%, \n        rgba(255,255,255,0.1) 70%, \n        rgba(255,255,255,0) 100%);\n    pointer-events: none;\n    z-index: 2;\n}\n</style>\n\n<div class=\"y2k-player-container\">\n    <div class=\"y2k-glitter\"></div>\n    <div class=\"y2k-holographic\"></div>\n    <div class=\"y2k-player-details\">\n        <div class=\"y2k-player-name\">MP4 PLAYER</div>\n        <div class=\"y2k-player-model\">Y2K-2000</div>\n    </div>\n    <div class=\"y2k-speaker-grille\">\n        <div class=\"y2k-speaker-hole\"></div>\n        <div class=\"y2k-speaker-hole\"></div>\n        <div class=\"y2k-speaker-hole\"></div>\n        <div class=\"y2k-speaker-hole\"></div>\n        <div class=\"y2k-speaker-hole\"></div>\n        <div class=\"y2k-speaker-hole\"></div>\n        <div class=\"y2k-speaker-hole\"></div>\n        <div class=\"y2k-speaker-hole\"></div>\n        <div class=\"y2k-speaker-hole\"></div>\n        <div class=\"y2k-speaker-hole\"></div>\n        <div class=\"y2k-speaker-hole\"></div>\n        <div class=\"y2k-speaker-hole\"></div>\n        <div class=\"y2k-speaker-hole\"></div>\n        <div class=\"y2k-speaker-hole\"></div>\n        <div class=\"y2k-speaker-hole\"></div>\n        <div class=\"y2k-speaker-hole\"></div>\n    </div>\n    <div class=\"y2k-video-container\">\n        <video width=\"320\" height=\"240\" controls>\n            <source src=\"",
    "trimStrings": [],
    "placement": [
        2
    ],
    "disabled": true,
    "markdownOnly": true,
    "promptOnly": false,
    "runOnEdit": true,
    "substituteRegex": 0,
    "minDepth": null,
    "maxDepth": null
}