{
    "id": "5d1d7362-d824-4330-81b8-cbc53e14327b",
    "scriptName": "Official PinkBeats (MP3 CHOOSE 1 ONLY)",
    "findRegex": "/<audio\\s+controls\\b[^>]*>.*?<source[^>]*\\s+src=[\"'](.*?)[\"'][^>]*\\s+type=[\"']audio\\/mpeg[\"'][^>]*>.*?<\\/audio>/gs",
    "replaceString": "<!DOCTYPE html>\n<html>\n<style>\n    .y2k-mp3-player {\n      background: linear-gradient(145deg, #ffb6c1, #ff8fab); /* Pink gradient */\n      border: 3px outset #ff69b4; /* Hot pink outset border for 3D feel */\n      border-radius: 15px; /* Rounded corners */\n      padding: 15px;\n      max-width: 360px; /* Max width for responsiveness */\n      box-shadow: 5px 5px 10px rgba(0, 0, 0, 0.2), /* Outer shadow */\n                  inset 2px 2px 5px rgba(255, 255, 255, 0.3), /* Inner highlight */\n                  inset -2px -2px 5px rgba(0, 0, 0, 0.1); /* Inner shadow */\n      font-family: 'Arial', sans-serif; /* Simple, common font */\n      margin: 1em auto; /* Center it somewhat */\n    }\n  \n    .y2k-mp3-player .screen {\n      background-color: #e3d6ff; /* Light grey screen */\n      border: 2px inset #5c365a; /* Inset border for screen */\n      border-radius: 8px;\n      padding: 10px;\n      margin-bottom: 10px;\n      box-shadow: inset 1px 1px 3px rgba(0, 0, 0, 0.2); /* Subtle inner shadow */\n    }\n  \n    .y2k-mp3-player audio {\n      width: 100%; /* Make audio controls fill the screen area */\n      display: block; /* Ensure it takes block layout */\n      /* Attempt minimal styling - might be overridden by browser/ST */\n      border-radius: 5px; \n    }\n  \n    .y2k-mp3-player .brand {\n      font-size: 0.8em;\n      color: #ffffff;\n      text-shadow: 1px 1px 2px rgba(136, 7, 57, 0.5);\n      text-align: center;\n      margin-top: 8px;\n      font-weight: bold;\n      letter-spacing: 1px;\n    }\n  \n    /* Optional: Decorative buttons (purely visual) */\n    .y2k-mp3-player .decorative-buttons {\n      display: flex;\n      justify-content: space-around;\n      padding: 5px 0;\n    }\n  \n    .y2k-mp3-player .decorative-button {\n      width: 25px;\n      height: 25px;\n      background: linear-gradient(145deg, #d3d3d3, #f5f5f5); /* Silvery gradient */\n      border: 1px outset #b0b0b0;\n      border-radius: 50%; /* Circular buttons */\n      box-shadow: 1px 1px 3px rgba(0, 0, 0, 0.2);\n    }\n  </style>\n  \n  <div class=\"y2k-mp3-player\">\n    <div class=\"screen\">\n      <!-- Standard HTML5 Audio Player. Dollar sign 1 is where your link is-->\n      <audio controls src=\"$1\">\n        Your browser does not support the audio element. You can download the audio file here: \n        <a href=\"https://files.catbox.moe/v7qe3v.mp3\" target=\"_blank\" rel=\"noopener noreferrer\">Download MP3</a>\n      </audio>\n    </div>\n  \n    <!-- Optional: Decorative elements -->\n    <div class=\"decorative-buttons\">\n      <div class=\"decorative-button\"></div>\n      <div class=\"decorative-button\"></div>\n      <div class=\"decorative-button\"></div>\n    </div>\n  \n    <div class=\"brand\">\n      PinkBeats 2000\n    </div>\n  </div>\n</html>",
    "trimStrings": [],
    "placement": [
        1,
        2
    ],
    "disabled": true,
    "markdownOnly": true,
    "promptOnly": false,
    "runOnEdit": true,
    "substituteRegex": 0,
    "minDepth": null,
    "maxDepth": null
}