{
    "id": "a63761c0-b591-4c94-9d55-b5e30153ee17",
    "scriptName": "Official Retro (MP3 CHOOSE 1 ONLY)",
    "findRegex": "/<audio\\s+controls\\b[^>]*>.*?<source[^>]*\\s+src=[\"'](.*?)[\"'][^>]*\\s+type=[\"']audio\\/mpeg[\"'][^>]*>.*?<\\/audio>/gs",
    "replaceString": "  <style>\n    .vintage-container {\n      font-family: \"Courier New\", monospace;\n      background: linear-gradient(to bottom, #d2b48c, #a0826c);\n      width: 360px;\n      padding: 20px;\n      border-radius: 10px;\n      box-shadow: 0 8px 16px rgba(0,0,0,0.3);\n      border: 4px solid #8b6b4a;\n      margin: 20px auto;\n    }\n    \n    .cassette-window {\n      height: 55px;\n      background-color: #333;\n      border-radius: 5px;\n      position: relative;\n      margin-bottom: 20px;\n      border: 2px inset #8b6b4a;\n      overflow: hidden;\n      display: flex;\n      justify-content: space-between;\n      padding: 5px 30px;\n    }\n    \n    .reel {\n      width: 40px;\n      height: 40px;\n      border-radius: 50%;\n      background: radial-gradient(circle, #222 10px, #444 20px, #222 40px);\n      position: relative;\n    }\n    \n    .reel::after {\n      content: \"\";\n      position: absolute;\n      top: 18px;\n      left: 18px;\n      width: 4px;\n      height: 4px;\n      background-color: #555;\n      border-radius: 50%;\n    }\n    \n    .control-knobs {\n      display: flex;\n      justify-content: space-between;\n      margin-bottom: 15px;\n    }\n    \n    .knob {\n      width: 50px;\n      height: 50px;\n      border-radius: 50%;\n      background: radial-gradient(circle, #d2b48c, #8b6b4a);\n      box-shadow: 0 2px 4px rgba(0,0,0,0.5);\n      position: relative;\n    }\n    \n    .knob::after {\n      content: \"\";\n      position: absolute;\n      top: 50%;\n      left: 5px;\n      width: 40%;\n      height: 4px;\n      background-color: #3a2a1d;\n      transform: translateY(-50%);\n    }\n    \n    .vu-meter {\n      height: 20px;\n      background: linear-gradient(to right, #4d8b31, #8b8b31, #8b4b31);\n      border-radius: 10px;\n      margin: 15px 0;\n      position: relative;\n      border: 2px inset #8b6b4a;\n      overflow: hidden;\n    }\n    \n    .needle {\n      position: absolute;\n      top: 0;\n      left: 30%;\n      height: 100%;\n      width: 3px;\n      background-color: #f5f1e6;\n      box-shadow: 0 0 5px rgba(255, 255, 255, 0.8);\n    }\n    \n    .speaker-grille {\n      height: 40px;\n      background-color: #3a2a1d;\n      border-radius: 5px;\n      border: 2px inset #8b6b4a;\n      display: flex;\n      justify-content: space-evenly;\n      align-items: center;\n      flex-wrap: wrap;\n      padding: 5px;\n    }\n    \n    .speaker-hole {\n      width: 5px;\n      height: 5px;\n      background-color: #222;\n      border-radius: 50%;\n      box-shadow: inset 0 0 2px #000;\n      margin: 3px;\n    }\n    \n    .audio-controls {\n      background-color: #8b6b4a;\n      padding: 10px;\n      border-radius: 5px;\n      margin: 15px 0;\n    }\n    \n    /* Style the native audio player to look more vintage */\n    audio {\n      width: 100%;\n      height: 30px;\n      filter: sepia(100%) saturate(70%) grayscale(30%) contrast(110%) brightness(90%);\n    }\n    \n    .song-info {\n      text-align: center;\n      font-size: 12px;\n      color: #3a2a1d;\n      margin-top: 10px;\n      word-break: break-all;\n    }\n  </style>\n</head>\n<body>\n  <div class=\"vintage-container\">\n    \n    <div class=\"cassette-window\">\n      <div class=\"reel\"></div>\n      <div class=\"reel\"></div>\n    </div>\n    \n    <div class=\"control-knobs\">\n      <div class=\"knob\"></div>\n      <div class=\"knob\"></div>\n    </div>\n    \n    <div class=\"audio-controls\">\n      <!-- Using the native audio controls for better compatibility. Dollar sign 1 is where your link is-->\n      <audio controls src=\"$1\"></audio>\n    </div>\n    \n    <div class=\"vu-meter\">\n      <div class=\"needle\"></div>\n    </div>\n    \n    <div class=\"speaker-grille\">\n      <div class=\"speaker-hole\"></div>\n      <div class=\"speaker-hole\"></div>\n      <div class=\"speaker-hole\"></div>\n      <div class=\"speaker-hole\"></div>\n      <div class=\"speaker-hole\"></div>\n      <div class=\"speaker-hole\"></div>\n      <div class=\"speaker-hole\"></div>\n      <div class=\"speaker-hole\"></div>\n      <div class=\"speaker-hole\"></div>\n      <div class=\"speaker-hole\"></div>\n      <div class=\"speaker-hole\"></div>\n      <div class=\"speaker-hole\"></div>\n    </div>\n    \n  </div>",
    "trimStrings": [],
    "placement": [
        1,
        2
    ],
    "disabled": false,
    "markdownOnly": true,
    "promptOnly": false,
    "runOnEdit": true,
    "substituteRegex": 0,
    "minDepth": null,
    "maxDepth": null
}