{
    "id": "8614382f-059b-4a2a-b5cb-ca11cec7545d",
    "scriptName": "mp4 2",
    "findRegex": "/([ \" ' ]) type=([ \" ' ])video/mp4([\" '])>.*?</video>.*?/gs",
    "replaceString": "\" type=\"video/mp4\">\n            Your browser does not support the video tag.\n        </video>\n    </div>\n    <div class=\"y2k-control-panel\">\n        <div class=\"y2k-control-button\">\n            <span>◀◀</span>\n\n        </div>\n        <div class=\"y2k-d-pad\">\n            <div class=\"y2k-dpad-button y2k-dpad-up\">▲</div>\n            <div class=\"y2k-dpad-button y2k-dpad-right\">►</div>\n            <div class=\"y2k-dpad-button y2k-dpad-down\">▼</div>\n            <div class=\"y2k-dpad-button y2k-dpad-left\">◄</div>\n            <div class=\"y2k-dpad-button y2k-dpad-center\"></div>\n        </div>\n        <div class=\"y2k-control-button\">\n            <span>▶▶</span>\n        </div>\n    </div>\n</div>",
    "trimStrings": [],
    "placement": [
        2
    ],
    "disabled": true,
    "markdownOnly": true,
    "promptOnly": false,
    "runOnEdit": true,
    "substituteRegex": 0,
    "minDepth": null,
    "maxDepth": null
}