{
    "id": "66da9947-61fb-4fc1-b1aa-d7bf8b2d1a65",
    "scriptName": "Official AlbumArt (MP3, CHOOSE 1 ONLY)",
    "findRegex": "/<audio\\s+controls\\b[^>]*>.*?<source[^>]*\\s+src=[\"'](.*?)[\"'][^>]*\\s+type=[\"']audio\\/mpeg[\"'][^>]*>.*?<\\/audio>.*?<AlbumArt=[\"'](.*?)[\"']>/gs",
    "replaceString": "<div style=\"text-align: center;\"> <!-- Wrapper div to center the content -->\n\n    <div style=\"display: inline-block; max-width: 360px; background: linear-gradient(to right, #ff9cd6, #ff6ebd); /* Pink Gradient */ border: 3px solid #ffe6f2; /* Hot Pink */ border-radius: 15px; padding: 15px; box-shadow: 4px 4px 8px rgba(0, 0, 0, 0.2); font-family: sans-serif; text-align: center;\">\n\n    <!-- Brand Name -->\n    <div style=\"text-align: center; font-weight: bold; margin-bottom: 10px; font-size: 1.1em; color: #ffe9f5; /* White Pink */\">\n        (ﾉ´ヮ´)ﾉ*:･ﾟ✧\n    </div>\n\n    <!-- Screen Area -->\n    <div style=\"background-color: #333; /* Dark Grey Screen */ padding: 10px; border-radius: 8px; margin-bottom: 10px; border: 1px solid #555;\">\n        <!-- change AlbumArt here -->\n        <img src=\"$2\" alt=\"Album Art\" style=\"display: block; max-width: 100%; height: auto; border-radius: 4px; margin: 0 auto;\">\n    </div>\n\n    <!-- Playing Status Text -->\n    <div style=\"text-align: center; font-weight: bold; margin-top: 10px; margin-bottom: 10px; font-size: 0.9em; color: hsl(346, 100%, 96%);\">\n        ˚ʚ♡ɞ˚ now playing...\n    </div>\n\n    <!-- Audio Player Controls -->\n    <audio controls src=\"$1\" style=\"width: 100%; border-radius: 5px;\">\n        Your browser does not support the audio element. Please use this direct link:\n        <a href=\"$1\" target=\"_blank\" rel=\"noopener noreferrer\">Audio Link</a>\n    </audio>\n\n    </div>\n\n</div> <!-- End of wrapper div -->",
    "trimStrings": [],
    "placement": [
        1,
        2
    ],
    "disabled": true,
    "markdownOnly": true,
    "promptOnly": false,
    "runOnEdit": true,
    "substituteRegex": 0,
    "minDepth": null,
    "maxDepth": null
}