{
    "id": "6d2082a4-d983-46ad-a6e9-74a8bf660afd",
    "scriptName": "Funds display",
    "findRegex": "/Funds:\\s*(.*?)\\s*\\|/gi",
    "replaceString": "<div style=\"\n    /* === funds-tracker-container styles === */\n    border: 3px solid #c8bda5;\n    background-color: #8a6a4a; /* Header background color */\n    border-radius: 12px;\n    width: 300px; /* Adjust width if needed */\n    font-family: Georgia, 'Times New Roman', Times, serif;\n    box-shadow: 3px 3px 6px rgba(0,0,0,0.2);\n    overflow: hidden; /* Important for rounded corners on children */\n    margin: 10px 5px; /* Add some margin */\n\">\n    <div style=\"\n        /* === funds-tracker-header styles === */\n        padding: 10px 15px;\n        color: #f5f0e1;\n        text-align: center;\n        font-weight: bold;\n        font-size: 1.2em;\n        text-shadow: 1px 1px 1px rgba(0,0,0,0.3);\n    \">\n        Funds\n    </div>\n    <div style=\"\n        /* === funds-tracker-content styles === */\n        background-color: #f5eabc;\n        color: #3d2b1f;\n        padding: 15px 20px;\n        display: flex;\n        align-items: center;\n        justify-content: center;\n        border-bottom-left-radius: 9px; /* Adjusted for border thickness */\n        border-bottom-right-radius: 9px; /* Adjusted for border thickness */\n        border-top: 2px solid #c8bda5;\n    \">\n        <span style=\"\n            /* === funds-tracker-icon styles === */\n            font-size: 2em;\n            margin-right: 12px;\n            line-height: 1;\n        \">💰</span>\n        <span style=\"\n            /* === funds-tracker-amount styles === */\n            font-size: 1.4em;\n            font-weight: bold;\n        \">$1</span> <!-- Edit this value as needed -->\n    </div>\n</div>",
    "trimStrings": [],
    "placement": [
        1,
        2
    ],
    "disabled": false,
    "markdownOnly": true,
    "promptOnly": false,
    "runOnEdit": true,
    "substituteRegex": 0,
    "minDepth": null,
    "maxDepth": null
}