{
    "id": "6bede27e-bc8c-4c57-975b-7a85193990fe",
    "scriptName": "Health HP bar",
    "findRegex": "/Health:\\s*(\\d+|\\?)\\s*\\/\\s*(\\d+|\\?)(?:\\s*HP)?\\s*(?:\\|)?/gi",
    "replaceString": "<!--\n  Health/Progress Bar for SillyTavern\n  Instructions:\n  1. Replace [CURRENT] and [MAX] in the <div class=\"health-bar-text\">\n     with your actual current and maximum values (e.g., 75/100).\n  2. Calculate the percentage: (current / max) * 100.\n  3. Replace [PERCENTAGE] in the style=\"width: [PEwRCENTAGE]%;\"\n     of the <div class=\"health-bar-fill\"> with the calculated number (e.g., 75).\n  4. Paste the entire snippet into the chat.\n  5. To update the bar, modify these values again and paste the new snippet.\n-->\n<style>\n  /* Container for the entire bar */\n  .health-bar-container {\n    width: 50%; /* Makes the bar take up the full width available */\n    height: 20px; /* Height of the bar */\n    background: linear-gradient(to right, #d08affe0, hsl(239, 100%, 92%));/* Color of the empty part of the bar */\n    border-radius: 10px; /* Rounded corners */\n    overflow: hidden; /* Ensures the fill doesn't spill out if it exceeds 100% */\n    position: relative; /* Needed for positioning the text overlay */\n    margin: 10px 0; /* Add some space above and below the bar */\n    box-shadow: 1px 1px 3px rgba(0,0,0,0.3); /* Subtle shadow */\n    border: 2px solid #5c002e; /* Border color */\n    image-rendering: pixelated; /* Pixelated effect for retro style */\n  }\n\n  /* The filling part of the bar */\n  .health-bar-fill {\n    height: 100%; /* Make it fill the container vertically */\n    /* === START: NEW BACKGROUND STYLE === */\n    background: linear-gradient(\n                45deg,\n                #ff9ebb, /* Pink color */\n                /* Pink color stop */\n                 /* Lighter pink color start */\n                #ff3c76/* Lighter pink color stop, makes the stripe 10px wide */\n    );\n    /* === END: NEW BACKGROUND STYLE === */\n    /* THIS IS WHERE YOU SET THE WIDTH BASED ON PERCENTAGE */\n    width: calc(($1 / $2) * 100%); /* <-- CHANGE THIS NUMBER (e.g., 50 for 50%) */\n    /* No transitions or animations due to compatibility notes */\n  }\n\n  /* Text overlay (e.g., \"75/100\") */\n  .health-bar-text {\n    position: absolute; /* Position relative to the container */\n    top: 50%; /* Align vertically */\n    left: 0;\n    right: 0;\n    transform: translateY(-50%); /* Adjust vertical alignment precisely */\n    text-align: center; /* Center the text horizontally */\n    color: #fff; /* White text color */\n    font-size: 16px; /* Text size */\n    font-weight: bold; /* Make text bold */\n    font-family: 'Courier New', monospace;\n    text-shadow: 1px 1px 3px #000; /* Add shadow for readability over the bar */\n    pointer-events: none; /* Allows clicking 'through' the text */\n    user-select: none; /* Prevent text selection */\n  }\n\n</style>\n\n<!-- HTML structure for the bar -->\n<div class=\"health-bar-container\">\n  <!-- The inner div represents the filled portion -->\n  <!-- MANUALLY UPDATE THE 'width' STYLE BELOW BASED ON YOUR CALCULATED PERCENTAGE -->\n  <div class=\"health-bar-fill\" style=\"width: calc(($1 / $2) * 100%);\"></div>\n\n  <!-- The text overlay -->\n  <!-- MANUALLY UPDATE THE TEXT BELOW WITH YOUR CURRENT/MAX VALUES -->\n  <div class=\"health-bar-text\"> Health: $1/$2 HP</div>\n</div>\n",
    "trimStrings": [],
    "placement": [
        1,
        2
    ],
    "disabled": false,
    "markdownOnly": true,
    "promptOnly": false,
    "runOnEdit": true,
    "substituteRegex": 0,
    "minDepth": null,
    "maxDepth": null
}